pass	benchmark	contender	ms_per_op	m_rows_per_s	mb_per_s
unpinned	FixedSizeListScanBenchmark	columnBaseline[1]	671.941	-	-
unpinned	FixedSizeListScanBenchmark	columnBaseline[2]	537.132	-	-
unpinned	FixedSizeListScanBenchmark	columnBaseline[3]	500.903	-	-
unpinned	FixedSizeListScanBenchmark	columnBaseline[4]	495.425	-	-
unpinned	FixedSizeListScanBenchmark	columnBaseline[8]	435.941	-	-
unpinned	FixedSizeListScanBenchmark	columnBaseline[9]	439.666	-	-
unpinned	FixedSizeListScanBenchmark	columnBaseline[12]	432.969	-	-
unpinned	FixedSizeListScanBenchmark	columnBaseline[15]	392.047	-	-
unpinned	FixedSizeListScanBenchmark	columnBaseline[16]	419.165	-	-
unpinned	FixedSizeListScanBenchmark	columnBaseline[32]	384.021	-	-
unpinned	FixedSizeListScanBenchmark	columnBaseline[64]	431.989	-	-
unpinned	FixedSizeListScanBenchmark	columnBaseline[128]	424.838	-	-
unpinned	FixedSizeListScanBenchmark	columnBaseline[256]	441.633	-	-
unpinned	FixedSizeListScanBenchmark	columnBaseline[512]	438.247	-	-
unpinned	FixedSizeListScanBenchmark	columnBaseline[768]	391.683	-	-
unpinned	FixedSizeListScanBenchmark	columnBaseline[1536]	387.090	-	-
unpinned	FixedSizeListScanBenchmark	columnFast[1]	363.694	-	-
unpinned	FixedSizeListScanBenchmark	columnFast[2]	244.506	-	-
unpinned	FixedSizeListScanBenchmark	columnFast[3]	201.836	-	-
unpinned	FixedSizeListScanBenchmark	columnFast[4]	190.538	-	-
unpinned	FixedSizeListScanBenchmark	columnFast[8]	180.386	-	-
unpinned	FixedSizeListScanBenchmark	columnFast[9]	183.745	-	-
unpinned	FixedSizeListScanBenchmark	columnFast[12]	194.553	-	-
unpinned	FixedSizeListScanBenchmark	columnFast[15]	188.392	-	-
unpinned	FixedSizeListScanBenchmark	columnFast[16]	173.028	-	-
unpinned	FixedSizeListScanBenchmark	columnFast[32]	168.762	-	-
unpinned	FixedSizeListScanBenchmark	columnFast[64]	166.066	-	-
unpinned	FixedSizeListScanBenchmark	columnFast[128]	165.278	-	-
unpinned	FixedSizeListScanBenchmark	columnFast[256]	164.474	-	-
unpinned	FixedSizeListScanBenchmark	columnFast[512]	164.198	-	-
unpinned	FixedSizeListScanBenchmark	columnFast[768]	163.097	-	-
unpinned	FixedSizeListScanBenchmark	columnFast[1536]	161.622	-	-
unpinned	FixedSizeListScanBenchmark	rowBaseline[1]	1906.811	-	-
unpinned	FixedSizeListScanBenchmark	rowBaseline[2]	1045.049	-	-
unpinned	FixedSizeListScanBenchmark	rowBaseline[3]	772.988	-	-
unpinned	FixedSizeListScanBenchmark	rowBaseline[4]	678.663	-	-
unpinned	FixedSizeListScanBenchmark	rowBaseline[8]	613.432	-	-
unpinned	FixedSizeListScanBenchmark	rowBaseline[9]	631.449	-	-
unpinned	FixedSizeListScanBenchmark	rowBaseline[12]	610.465	-	-
unpinned	FixedSizeListScanBenchmark	rowBaseline[15]	619.542	-	-
unpinned	FixedSizeListScanBenchmark	rowBaseline[16]	617.508	-	-
unpinned	FixedSizeListScanBenchmark	rowBaseline[32]	626.375	-	-
unpinned	FixedSizeListScanBenchmark	rowBaseline[64]	653.084	-	-
unpinned	FixedSizeListScanBenchmark	rowBaseline[128]	630.776	-	-
unpinned	FixedSizeListScanBenchmark	rowBaseline[256]	662.847	-	-
unpinned	FixedSizeListScanBenchmark	rowBaseline[512]	622.500	-	-
unpinned	FixedSizeListScanBenchmark	rowBaseline[768]	604.520	-	-
unpinned	FixedSizeListScanBenchmark	rowBaseline[1536]	593.496	-	-
unpinned	FixedSizeListScanBenchmark	rowFast[1]	1972.657	-	-
unpinned	FixedSizeListScanBenchmark	rowFast[2]	968.231	-	-
unpinned	FixedSizeListScanBenchmark	rowFast[3]	700.338	-	-
unpinned	FixedSizeListScanBenchmark	rowFast[4]	581.689	-	-
unpinned	FixedSizeListScanBenchmark	rowFast[8]	341.747	-	-
unpinned	FixedSizeListScanBenchmark	rowFast[9]	311.403	-	-
unpinned	FixedSizeListScanBenchmark	rowFast[12]	292.344	-	-
unpinned	FixedSizeListScanBenchmark	rowFast[15]	263.938	-	-
unpinned	FixedSizeListScanBenchmark	rowFast[16]	247.484	-	-
unpinned	FixedSizeListScanBenchmark	rowFast[32]	183.594	-	-
unpinned	FixedSizeListScanBenchmark	rowFast[64]	168.426	-	-
unpinned	FixedSizeListScanBenchmark	rowFast[128]	175.235	-	-
unpinned	FixedSizeListScanBenchmark	rowFast[256]	169.372	-	-
unpinned	FixedSizeListScanBenchmark	rowFast[512]	166.974	-	-
unpinned	FixedSizeListScanBenchmark	rowFast[768]	165.323	-	-
unpinned	FixedSizeListScanBenchmark	rowFast[1536]	163.936	-	-
